Workbook

Sheet asc1
A1: timestamp | B1: algoritmo | C1: tipo_prueba | D1: persona_real | E1: persona_predicha | F1: archivo_imagen | G1: confianza | H1: recognition_time | I1: cpu | J1: ram | K1: correcto
A2: 2026-07-29 12:50:00 | B2: MobileFaceNet | C2: admitido | D2: n000001 | E2: n000001 | F2: n000001_001.jpg | G2: 0.7483 | H2: 80.19 | I2: 35.8 | J2: 119.29 | K2: sí
A3: 2026-07-29 12:50:00 | B3: MobileFaceNet | C3: admitido | D3: n000001 | E3: n000001 | F3: n000001_002.jpg | G3: 0.7366 | H3: 79.32 | I3: 100 | J3: 122.32 | K3: sí
A4: 2026-07-29 12:50:00 | B4: MobileFaceNet | C4: admitido | D4: n000001 | E4: n000001 | F4: n000001_003.jpg | G4: 0.8229 | H4: 88.91 | I4: 100 | J4: 122.33 | K4: sí
A5: 2026-07-29 12:50:00 | B5: MobileFaceNet | C5: admitido | D5: n000001 | E5: n000001 | F5: n000001_004.jpg | G5: 0.4323 | H5: 76.29 | I5: 100 | J5: 122.33 | K5: sí
A6: 2026-07-29 12:50:00 | B6: MobileFaceNet | C6: admitido | D6: n000001 | E6: n000001 | F6: n000001_005.jpg | G6: 0.8163 | H6: 78.81 | I6: 100 | J6: 122.33 | K6: sí
A7: 2026-07-29 12:50:00 | B7: MobileFaceNet | C7: admitido | D7: n000001 | E7: n000001 | F7: n000001_006.jpg | G7: 0.8182 | H7: 79.01 | I7: 100 | J7: 122.33 | K7: sí
A8: 2026-07-29 12:50:00 | B8: MobileFaceNet | C8: admitido | D8: n000001 | E8: n000001 | F8: n000001_007.jpg | G8: 0.7168 | H8: 74.73 | I8: 100 | J8: 122.34 | K8: sí
A9: 2026-07-29 12:50:00 | B9: MobileFaceNet | C9: admitido | D9: n000001 | E9: n000001 | F9: n000001_008.jpg | G9: 0.7089 | H9: 80.1 | I9: 100 | J9: 122.34 | K9: sí
A10: 2026-07-29 12:50:00 | B10: MobileFaceNet | C10: admitido | D10: n000001 | E10: n000001 | F10: n000001_009.jpg | G10: 0.6145 | H10: 80.8 | I10: 100 | J10: 122.34 | K10: sí
A11: 2026-07-29 12:50:00 | B11: MobileFaceNet | C11: admitido | D11: n000001 | E11: n000001 | F11: n000001_010.jpg | G11: 0.7866 | H11: 74.96 | I11: 100 | J11: 122.34 | K11: sí
A12: 2026-07-29 12:50:01 | B12: MobileFaceNet | C12: admitido | D12: n000001 | E12: n000001 | F12: n000001_011.jpg | G12: 0.8021 | H12: 90.17 | I12: 100 | J12: 122.35 | K12: sí
A13: 2026-07-29 12:50:01 | B13: MobileFaceNet | C13: admitido | D13: n000001 | E13: n000001 | F13: n000001_012.jpg | G13: 0.7755 | H13: 92.91 | I13: 100 | J13: 122.35 | K13: sí
... A4281: 2026-07-29 12:57:29 | B4281: MobileFaceNet | C4281: denegado | D4281: n001291 | E4281: Desconocido | F4281: n001291_020.jpg | G4281: 0.2137 | H4281: 91.1 | I4281: 100 | J4281: 138.08 | K4281: sí

Sheet asc2
A1: timestamp | B1: algoritmo | C1: tipo_prueba | D1: persona_real | E1: persona_predicha | F1: archivo_imagen | G1: confianza | H1: recognition_time | I1: cpu | J1: ram | K1: correcto
A2: 2026-07-29 13:10:18 | B2: MobileFaceNet | C2: admitido | D2: n000001 | E2: n000001 | F2: n000001_001.jpg | G2: 0.7483 | H2: 81.25 | I2: 41.3 | J2: 119.28 | K2: sí
A3: 2026-07-29 13:10:18 | B3: MobileFaceNet | C3: admitido | D3: n000001 | E3: n000001 | F3: n000001_002.jpg | G3: 0.7366 | H3: 77.94 | I3: 100 | J3: 122.31 | K3: sí
A4: 2026-07-29 13:10:18 | B4: MobileFaceNet | C4: admitido | D4: n000001 | E4: n000001 | F4: n000001_003.jpg | G4: 0.8229 | H4: 74.7 | I4: 100 | J4: 122.31 | K4: sí
A5: 2026-07-29 13:10:18 | B5: MobileFaceNet | C5: admitido | D5: n000001 | E5: n000001 | F5: n000001_004.jpg | G5: 0.4323 | H5: 73.72 | I5: 100 | J5: 122.32 | K5: sí
A6: 2026-07-29 13:10:18 | B6: MobileFaceNet | C6: admitido | D6: n000001 | E6: n000001 | F6: n000001_005.jpg | G6: 0.8163 | H6: 76.69 | I6: 100 | J6: 122.32 | K6: sí
A7: 2026-07-29 13:10:18 | B7: MobileFaceNet | C7: admitido | D7: n000001 | E7: n000001 | F7: n000001_006.jpg | G7: 0.8182 | H7: 75.54 | I7: 100 | J7: 122.32 | K7: sí
A8: 2026-07-29 13:10:18 | B8: MobileFaceNet | C8: admitido | D8: n000001 | E8: n000001 | F8: n000001_007.jpg | G8: 0.7168 | H8: 76.37 | I8: 100 | J8: 122.32 | K8: sí
A9: 2026-07-29 13:10:18 | B9: MobileFaceNet | C9: admitido | D9: n000001 | E9: n000001 | F9: n000001_008.jpg | G9: 0.7089 | H9: 78.36 | I9: 100 | J9: 122.33 | K9: sí
A10: 2026-07-29 13:10:18 | B10: MobileFaceNet | C10: admitido | D10: n000001 | E10: n000001 | F10: n000001_009.jpg | G10: 0.6145 | H10: 75.11 | I10: 100 | J10: 122.33 | K10: sí
A11: 2026-07-29 13:10:18 | B11: MobileFaceNet | C11: admitido | D11: n000001 | E11: n000001 | F11: n000001_010.jpg | G11: 0.7866 | H11: 84.82 | I11: 100 | J11: 122.33 | K11: sí
A12: 2026-07-29 13:10:18 | B12: MobileFaceNet | C12: admitido | D12: n000001 | E12: n000001 | F12: n000001_011.jpg | G12: 0.8021 | H12: 77.56 | I12: 100 | J12: 122.33 | K12: sí
A13: 2026-07-29 13:10:18 | B13: MobileFaceNet | C13: admitido | D13: n000001 | E13: n000001 | F13: n000001_012.jpg | G13: 0.7755 | H13: 74.09 | I13: 100 | J13: 122.34 | K13: sí
... A4281: 2026-07-29 13:17:19 | B4281: MobileFaceNet | C4281: denegado | D4281: n001291 | E4281: Desconocido | F4281: n001291_020.jpg | G4281: 0.2137 | H4281: 95.29 | I4281: 100 | J4281: 138.07 | K4281: sí

Sheet desc1
A1: timestamp | B1: algoritmo | C1: tipo_prueba | D1: persona_real | E1: persona_predicha | F1: archivo_imagen | G1: confianza | H1: recognition_time | I1: cpu | J1: ram | K1: correcto
A2: 2026-07-29 13:18:46 | B2: MobileFaceNet | C2: denegado | D2: n001291 | E2: Desconocido | F2: n001291_020.jpg | G2: 0.2137 | H2: 79.11 | I2: 41.7 | J2: 119.29 | K2: sí
A3: 2026-07-29 13:18:46 | B3: MobileFaceNet | C3: denegado | D3: n001291 | E3: Desconocido | F3: n001291_019.jpg | G3: 0.238 | H3: 77.71 | I3: 100 | J3: 122.32 | K3: sí
A4: 2026-07-29 13:18:46 | B4: MobileFaceNet | C4: denegado | D4: n001291 | E4: Desconocido | F4: n001291_018.jpg | G4: 0.1943 | H4: 76.88 | I4: 100 | J4: 122.32 | K4: sí
A5: 2026-07-29 13:18:46 | B5: MobileFaceNet | C5: denegado | D5: n001291 | E5: Desconocido | F5: n001291_017.jpg | G5: 0.1928 | H5: 77.29 | I5: 100 | J5: 122.32 | K5: sí
A6: 2026-07-29 13:18:46 | B6: MobileFaceNet | C6: denegado | D6: n001291 | E6: Desconocido | F6: n001291_016.jpg | G6: 0.1953 | H6: 75.4 | I6: 100 | J6: 122.32 | K6: sí
A7: 2026-07-29 13:18:46 | B7: MobileFaceNet | C7: denegado | D7: n001291 | E7: Desconocido | F7: n001291_015.jpg | G7: 0.2196 | H7: 107.41 | I7: 100 | J7: 122.32 | K7: sí
A8: 2026-07-29 13:18:46 | B8: MobileFaceNet | C8: denegado | D8: n001291 | E8: Desconocido | F8: n001291_014.jpg | G8: 0.2658 | H8: 78.91 | I8: 100 | J8: 122.33 | K8: sí
A9: 2026-07-29 13:18:46 | B9: MobileFaceNet | C9: denegado | D9: n001291 | E9: Desconocido | F9: n001291_013.jpg | G9: 0.2116 | H9: 75.85 | I9: 100 | J9: 122.33 | K9: sí
A10: 2026-07-29 13:18:46 | B10: MobileFaceNet | C10: denegado | D10: n001291 | E10: Desconocido | F10: n001291_012.jpg | G10: 0.2427 | H10: 77.74 | I10: 100 | J10: 122.34 | K10: sí
A11: 2026-07-29 13:18:46 | B11: MobileFaceNet | C11: denegado | D11: n001291 | E11: Desconocido | F11: n001291_011.jpg | G11: 0.2051 | H11: 79.37 | I11: 100 | J11: 122.34 | K11: sí
A12: 2026-07-29 13:18:47 | B12: MobileFaceNet | C12: denegado | D12: n001291 | E12: Desconocido | F12: n001291_010.jpg | G12: 0.1886 | H12: 76.9 | I12: 100 | J12: 122.34 | K12: sí
A13: 2026-07-29 13:18:47 | B13: MobileFaceNet | C13: denegado | D13: n001291 | E13: Desconocido | F13: n001291_009.jpg | G13: 0.2263 | H13: 77.36 | I13: 100 | J13: 122.34 | K13: sí
... A4281: 2026-07-29 13:25:48 | B4281: MobileFaceNet | C4281: admitido | D4281: n000001 | E4281: n000001 | F4281: n000001_001.jpg | G4281: 0.7483 | H4281: 93.37 | I4281: 100 | J4281: 138.09 | K4281: sí

Sheet desc2
A1: timestamp | B1: algoritmo | C1: tipo_prueba | D1: persona_real | E1: persona_predicha | F1: archivo_imagen | G1: confianza | H1: recognition_time | I1: cpu | J1: ram | K1: correcto
A2: 2026-07-29 13:26:47 | B2: MobileFaceNet | C2: denegado | D2: n001291 | E2: Desconocido | F2: n001291_020.jpg | G2: 0.2137 | H2: 76.36 | I2: 41.7 | J2: 119.28 | K2: sí
A3: 2026-07-29 13:26:47 | B3: MobileFaceNet | C3: denegado | D3: n001291 | E3: Desconocido | F3: n001291_019.jpg | G3: 0.238 | H3: 76.97 | I3: 100 | J3: 122.31 | K3: sí
A4: 2026-07-29 13:26:47 | B4: MobileFaceNet | C4: denegado | D4: n001291 | E4: Desconocido | F4: n001291_018.jpg | G4: 0.1943 | H4: 75.52 | I4: 100 | J4: 122.31 | K4: sí
A5: 2026-07-29 13:26:47 | B5: MobileFaceNet | C5: denegado | D5: n001291 | E5: Desconocido | F5: n001291_017.jpg | G5: 0.1928 | H5: 75.7 | I5: 100 | J5: 122.31 | K5: sí
A6: 2026-07-29 13:26:47 | B6: MobileFaceNet | C6: denegado | D6: n001291 | E6: Desconocido | F6: n001291_016.jpg | G6: 0.1953 | H6: 75.07 | I6: 100 | J6: 122.32 | K6: sí
A7: 2026-07-29 13:26:47 | B7: MobileFaceNet | C7: denegado | D7: n001291 | E7: Desconocido | F7: n001291_015.jpg | G7: 0.2196 | H7: 74.56 | I7: 100 | J7: 122.32 | K7: sí
A8: 2026-07-29 13:26:47 | B8: MobileFaceNet | C8: denegado | D8: n001291 | E8: Desconocido | F8: n001291_014.jpg | G8: 0.2658 | H8: 74.34 | I8: 100 | J8: 122.32 | K8: sí
A9: 2026-07-29 13:26:47 | B9: MobileFaceNet | C9: denegado | D9: n001291 | E9: Desconocido | F9: n001291_013.jpg | G9: 0.2116 | H9: 82.16 | I9: 100 | J9: 122.32 | K9: sí
A10: 2026-07-29 13:26:47 | B10: MobileFaceNet | C10: denegado | D10: n001291 | E10: Desconocido | F10: n001291_012.jpg | G10: 0.2427 | H10: 82.58 | I10: 100 | J10: 122.33 | K10: sí
A11: 2026-07-29 13:26:47 | B11: MobileFaceNet | C11: denegado | D11: n001291 | E11: Desconocido | F11: n001291_011.jpg | G11: 0.2051 | H11: 77.56 | I11: 100 | J11: 122.33 | K11: sí
A12: 2026-07-29 13:26:47 | B12: MobileFaceNet | C12: denegado | D12: n001291 | E12: Desconocido | F12: n001291_010.jpg | G12: 0.1886 | H12: 76.29 | I12: 100 | J12: 122.33 | K12: sí
A13: 2026-07-29 13:26:48 | B13: MobileFaceNet | C13: denegado | D13: n001291 | E13: Desconocido | F13: n001291_009.jpg | G13: 0.2263 | H13: 77.82 | I13: 100 | J13: 122.33 | K13: sí
... A4281: 2026-07-29 13:33:46 | B4281: MobileFaceNet | C4281: admitido | D4281: n000001 | E4281: n000001 | F4281: n000001_001.jpg | G4281: 0.7483 | H4281: 97.88 | I4281: 100 | J4281: 138.08 | K4281: sí

Sheet rand1
A1: timestamp | B1: algoritmo | C1: tipo_prueba | D1: persona_real | E1: persona_predicha | F1: archivo_imagen | G1: confianza | H1: recognition_time | I1: cpu | J1: ram | K1: correcto
A2: 2026-07-29 13:35:28 | B2: MobileFaceNet | C2: admitido | D2: n000208 | E2: n000208 | F2: n000208_014.jpg | G2: 0.6394 | H2: 88.69 | I2: 42 | J2: 119.29 | K2: sí
A3: 2026-07-29 13:35:28 | B3: MobileFaceNet | C3: admitido | D3: n000208 | E3: Desconocido | F3: n000208_006.jpg | G3: 0.2591 | H3: 81.68 | I3: 100 | J3: 122.33 | K3: no
A4: 2026-07-29 13:35:28 | B4: MobileFaceNet | C4: admitido | D4: n000208 | E4: n000208 | F4: n000208_005.jpg | G4: 0.6064 | H4: 83.66 | I4: 100 | J4: 122.33 | K4: sí
A5: 2026-07-29 13:35:28 | B5: MobileFaceNet | C5: admitido | D5: n000208 | E5: n000208 | F5: n000208_009.jpg | G5: 0.623 | H5: 78.9 | I5: 100 | J5: 122.34 | K5: sí
A6: 2026-07-29 13:35:28 | B6: MobileFaceNet | C6: admitido | D6: n000208 | E6: n000208 | F6: n000208_013.jpg | G6: 0.6488 | H6: 75.42 | I6: 100 | J6: 122.34 | K6: sí
A7: 2026-07-29 13:35:28 | B7: MobileFaceNet | C7: admitido | D7: n000208 | E7: n000208 | F7: n000208_008.jpg | G7: 0.4855 | H7: 79.4 | I7: 100 | J7: 122.34 | K7: sí
A8: 2026-07-29 13:35:29 | B8: MobileFaceNet | C8: admitido | D8: n000208 | E8: Desconocido | F8: n000208_016.jpg | G8: 0.1723 | H8: 78.42 | I8: 100 | J8: 122.34 | K8: no
A9: 2026-07-29 13:35:29 | B9: MobileFaceNet | C9: admitido | D9: n000208 | E9: Desconocido | F9: n000208_007.jpg | G9: 0.2926 | H9: 77.84 | I9: 100 | J9: 122.34 | K9: no
A10: 2026-07-29 13:35:29 | B10: MobileFaceNet | C10: admitido | D10: n000208 | E10: n000208 | F10: n000208_015.jpg | G10: 0.5351 | H10: 77.35 | I10: 100 | J10: 122.34 | K10: sí
A11: 2026-07-29 13:35:29 | B11: MobileFaceNet | C11: admitido | D11: n000208 | E11: n000208 | F11: n000208_011.jpg | G11: 0.4966 | H11: 77.99 | I11: 100 | J11: 122.35 | K11: sí
A12: 2026-07-29 13:35:29 | B12: MobileFaceNet | C12: admitido | D12: n000208 | E12: n000208 | F12: n000208_012.jpg | G12: 0.5841 | H12: 77.35 | I12: 100 | J12: 122.35 | K12: sí
A13: 2026-07-29 13:35:29 | B13: MobileFaceNet | C13: admitido | D13: n000208 | E13: Desconocido | F13: n000208_018.jpg | G13: 0.2016 | H13: 77.54 | I13: 100 | J13: 122.35 | K13: no
... A4281: 2026-07-29 13:42:40 | B4281: MobileFaceNet | C4281: denegado | D4281: n000456 | E4281: n000091 | F4281: n000456_009.jpg | G4281: 0.3357 | H4281: 93.15 | I4281: 100 | J4281: 138.12 | K4281: no

Sheet rand2
A1: timestamp | B1: algoritmo | C1: tipo_prueba | D1: persona_real | E1: persona_predicha | F1: archivo_imagen | G1: confianza | H1: recognition_time | I1: cpu | J1: ram | K1: correcto
A2: 2026-07-29 13:43:13 | B2: MobileFaceNet | C2: admitido | D2: n000228 | E2: n000228 | F2: n000228_012.jpg | G2: 0.7426 | H2: 80.82 | I2: 45.9 | J2: 119.28 | K2: sí
A3: 2026-07-29 13:43:13 | B3: MobileFaceNet | C3: admitido | D3: n000228 | E3: n000228 | F3: n000228_004.jpg | G3: 0.662 | H3: 76.87 | I3: 100 | J3: 122.32 | K3: sí
A4: 2026-07-29 13:43:14 | B4: MobileFaceNet | C4: admitido | D4: n000228 | E4: n000228 | F4: n000228_002.jpg | G4: 0.4675 | H4: 76.11 | I4: 100 | J4: 122.32 | K4: sí
A5: 2026-07-29 13:43:14 | B5: MobileFaceNet | C5: admitido | D5: n000228 | E5: n000228 | F5: n000228_001.jpg | G5: 0.7637 | H5: 77.1 | I5: 100 | J5: 122.33 | K5: sí
A6: 2026-07-29 13:43:14 | B6: MobileFaceNet | C6: admitido | D6: n000228 | E6: n000228 | F6: n000228_011.jpg | G6: 0.7621 | H6: 74.6 | I6: 100 | J6: 122.33 | K6: sí
A7: 2026-07-29 13:43:14 | B7: MobileFaceNet | C7: admitido | D7: n000228 | E7: n000228 | F7: n000228_005.jpg | G7: 0.7502 | H7: 75.67 | I7: 100 | J7: 122.33 | K7: sí
A8: 2026-07-29 13:43:14 | B8: MobileFaceNet | C8: admitido | D8: n000228 | E8: n000228 | F8: n000228_014.jpg | G8: 0.6526 | H8: 78.05 | I8: 100 | J8: 122.33 | K8: sí
A9: 2026-07-29 13:43:14 | B9: MobileFaceNet | C9: admitido | D9: n000228 | E9: n000228 | F9: n000228_013.jpg | G9: 0.5539 | H9: 71.02 | I9: 100 | J9: 122.34 | K9: sí
A10: 2026-07-29 13:43:14 | B10: MobileFaceNet | C10: admitido | D10: n000228 | E10: n000228 | F10: n000228_018.jpg | G10: 0.4215 | H10: 76.24 | I10: 100 | J10: 122.34 | K10: sí
A11: 2026-07-29 13:43:14 | B11: MobileFaceNet | C11: admitido | D11: n000228 | E11: n000228 | F11: n000228_017.jpg | G11: 0.7474 | H11: 76.54 | I11: 100 | J11: 122.34 | K11: sí
A12: 2026-07-29 13:43:14 | B12: MobileFaceNet | C12: admitido | D12: n000228 | E12: n000228 | F12: n000228_019.jpg | G12: 0.7801 | H12: 83 | I12: 100 | J12: 122.34 | K12: sí
A13: 2026-07-29 13:43:14 | B13: MobileFaceNet | C13: admitido | D13: n000228 | E13: n000228 | F13: n000228_010.jpg | G13: 0.7598 | H13: 75.3 | I13: 100 | J13: 122.34 | K13: sí
... A4281: 2026-07-29 13:50:16 | B4281: MobileFaceNet | C4281: denegado | D4281: n000232 | E4281: Desconocido | F4281: n000232_012.jpg | G4281: 0.1837 | H4281: 90.27 | I4281: 100 | J4281: 138.1 | K4281: sí

Sheet consolidado
A1: tipo_prueba | B1: persona_real | C1: persona_predicha | D1: archivo_imagen | E1: ASC1 | F1: ASC2 | G1: DESC1 | H1: DESC2 | I1: RAND1 | J1: RAND2 | K1: T. MIN | L1: CORRECTO | M1: =COUNTIF(A2:A4281,"admitido") -> 2140 | O1: Métrica | P1: ASC1 | Q1: ASC2 | R1: DESC1 | S1: DESC2 | T1: RAND1 | U1: RAND2 | V1: PROM. GENERAL | X1: MOBILEFACENET
A2: admitido | B2: n000001 | C2: n000001 | D2: n000001_001.jpg | E2: 80.19 | F2: {=_xlfn.XLOOKUP(D2,'asc2'!$F:$F,'asc2'!$H:$H,"--")} -> 81.25 | G2: {=_xlfn.XLOOKUP(D2,desc1!$F:$F,desc1!$H:$H,"--")} -> 93.37 | H2: {=_xlfn.XLOOKUP(D2,desc2!$F:$F,desc2!$H:$H,"--")} -> 97.88 | I2: {=_xlfn.XLOOKUP(D2,rand1!$F:$F,rand1!$H:$H,"--")} -> 100.79 | J2: {=_xlfn.XLOOKUP(D2,rand2!$F:$F,rand2!$H:$H,"--")} -> 94.74 | K2: =MIN(E2:J2) -> 80.19 | L2: {=_xlfn.XLOOKUP(D2,'asc1'!$F:$F,'asc1'!$K:$K,"--")} -> sí | M2: =M1/20 -> 107 | O2: Min (ms) | P2: =MIN(E2:E4281) -> 68.32 | Q2: =MIN(F2:F4281) -> 73.72 | R2: =MIN(G2:G4281) -> 73.67 | S2: =MIN(H2:H4281) -> 72.91 | T2: =MIN(I2:I4281) -> 75.05 | U2: =MIN(J2:J4281) -> 71.02 | V2: =AVERAGE(P2:U2) -> 72.448333 | X2: =MIN(K2:K4281) -> 68.32
A3: admitido | B3: n000001 | C3: n000001 | D3: n000001_002.jpg | E3: 79.32 | F3: {=_xlfn.XLOOKUP(D3,'asc2'!$F:$F,'asc2'!$H:$H,"--")} -> 77.94 | G3: {=_xlfn.XLOOKUP(D3,desc1!$F:$F,desc1!$H:$H,"--")} -> 95.05 | H3: {=_xlfn.XLOOKUP(D3,desc2!$F:$F,desc2!$H:$H,"--")} -> 94.67 | I3: {=_xlfn.XLOOKUP(D3,rand1!$F:$F,rand1!$H:$H,"--")} -> 87.05 | J3: {=_xlfn.XLOOKUP(D3,rand2!$F:$F,rand2!$H:$H,"--")} -> 99.41 | K3: =MIN(E3:J3) -> 77.94 | L3: {=_xlfn.XLOOKUP(D3,'asc1'!$F:$F,'asc1'!$K:$K,"--")} -> sí | O3: Max (ms) | P3: =MAX(E2:E4281) -> 264.41 | Q3: =MAX(F2:F4281) -> 136.5 | R3: =MAX(G2:G4281) -> 137.16 | S3: =MAX(H2:H4281) -> 122.43 | T3: =MAX(I2:I4281) -> 129.7 | U3: =MAX(J2:J4281) -> 115.59 | V3: =AVERAGE(P3:U3) -> 150.965 | X3: =AVERAGE(K2:K4281) -> 81.033016
A4: admitido | B4: n000001 | C4: n000001 | D4: n000001_003.jpg | E4: 88.91 | F4: {=_xlfn.XLOOKUP(D4,'asc2'!$F:$F,'asc2'!$H:$H,"--")} -> 74.7 | G4: {=_xlfn.XLOOKUP(D4,desc1!$F:$F,desc1!$H:$H,"--")} -> 88.64 | H4: {=_xlfn.XLOOKUP(D4,desc2!$F:$F,desc2!$H:$H,"--")} -> 95.42 | I4: {=_xlfn.XLOOKUP(D4,rand1!$F:$F,rand1!$H:$H,"--")} -> 103.32 | J4: {=_xlfn.XLOOKUP(D4,rand2!$F:$F,rand2!$H:$H,"--")} -> 94.86 | K4: =MIN(E4:J4) -> 74.7 | L4: {=_xlfn.XLOOKUP(D4,'asc1'!$F:$F,'asc1'!$K:$K,"--")} -> sí | O4: Prom (ms) | P4: =AVERAGE(E2:E4281) -> 95.25825 | Q4: =AVERAGE(F2:F4281) -> 89.359276 | R4: =AVERAGE(G2:G4281) -> 89.436883 | S4: =AVERAGE(H2:H4281) -> 88.825236 | T4: =AVERAGE(I2:I4281) -> 91.79479 | U4: =AVERAGE(J2:J4281) -> 89.637098 | V4: =AVERAGE(P4:U4) -> 90.718589
A5: admitido | B5: n000001 | C5: n000001 | D5: n000001_004.jpg | E5: 76.29 | F5: {=_xlfn.XLOOKUP(D5,'asc2'!$F:$F,'asc2'!$H:$H,"--")} -> 73.72 | G5: {=_xlfn.XLOOKUP(D5,desc1!$F:$F,desc1!$H:$H,"--")} -> 94.66 | H5: {=_xlfn.XLOOKUP(D5,desc2!$F:$F,desc2!$H:$H,"--")} -> 90.12 | I5: {=_xlfn.XLOOKUP(D5,rand1!$F:$F,rand1!$H:$H,"--")} -> 98.12 | J5: {=_xlfn.XLOOKUP(D5,rand2!$F:$F,rand2!$H:$H,"--")} -> 90.82 | K5: =MIN(E5:J5) -> 73.72 | L5: {=_xlfn.XLOOKUP(D5,'asc1'!$F:$F,'asc1'!$K:$K,"--")} -> sí | O5: Desviación | P5: =STDEVA(E2:E4281) -> 18.188515 | Q5: =STDEVA(F2:F4281) -> 7.9164631 | R5: =STDEVA(G2:G4281) -> 7.7543355 | S5: =STDEVA(H2:H4281) -> 7.520234 | T5: =STDEVA(I2:I4281) -> 8.0727696 | U5: =STDEVA(J2:J4281) -> 7.2641916 | V5: =AVERAGE(P5:U5) -> 9.4527515
A6: admitido | B6: n000001 | C6: n000001 | D6: n000001_005.jpg | E6: 78.81 | F6: {=_xlfn.XLOOKUP(D6,'asc2'!$F:$F,'asc2'!$H:$H,"--")} -> 76.69 | G6: {=_xlfn.XLOOKUP(D6,desc1!$F:$F,desc1!$H:$H,"--")} -> 107.81 | H6: {=_xlfn.XLOOKUP(D6,desc2!$F:$F,desc2!$H:$H,"--")} -> 94.75 | I6: {=_xlfn.XLOOKUP(D6,rand1!$F:$F,rand1!$H:$H,"--")} -> 96.79 | J6: {=_xlfn.XLOOKUP(D6,rand2!$F:$F,rand2!$H:$H,"--")} -> 95.51 | K6: =MIN(E6:J6) -> 76.69 | L6: {=_xlfn.XLOOKUP(D6,'asc1'!$F:$F,'asc1'!$K:$K,"--")} -> sí
A7: admitido | B7: n000001 | C7: n000001 | D7: n000001_006.jpg | E7: 79.01 | F7: {=_xlfn.XLOOKUP(D7,'asc2'!$F:$F,'asc2'!$H:$H,"--")} -> 75.54 | G7: {=_xlfn.XLOOKUP(D7,desc1!$F:$F,desc1!$H:$H,"--")} -> 93.72 | H7: {=_xlfn.XLOOKUP(D7,desc2!$F:$F,desc2!$H:$H,"--")} -> 96.27 | I7: {=_xlfn.XLOOKUP(D7,rand1!$F:$F,rand1!$H:$H,"--")} -> 102.23 | J7: {=_xlfn.XLOOKUP(D7,rand2!$F:$F,rand2!$H:$H,"--")} -> 95.09 | K7: =MIN(E7:J7) -> 75.54 | L7: {=_xlfn.XLOOKUP(D7,'asc1'!$F:$F,'asc1'!$K:$K,"--")} -> sí | O7: MATRIZ DE CONFUSIÓN
A8: admitido | B8: n000001 | C8: n000001 | D8: n000001_007.jpg | E8: 74.73 | F8: {=_xlfn.XLOOKUP(D8,'asc2'!$F:$F,'asc2'!$H:$H,"--")} -> 76.37 | G8: {=_xlfn.XLOOKUP(D8,desc1!$F:$F,desc1!$H:$H,"--")} -> 89.33 | H8: {=_xlfn.XLOOKUP(D8,desc2!$F:$F,desc2!$H:$H,"--")} -> 93.63 | I8: {=_xlfn.XLOOKUP(D8,rand1!$F:$F,rand1!$H:$H,"--")} -> 87.63 | J8: {=_xlfn.XLOOKUP(D8,rand2!$F:$F,rand2!$H:$H,"--")} -> 103.21 | K8: =MIN(E8:J8) -> 74.73 | L8: {=_xlfn.XLOOKUP(D8,'asc1'!$F:$F,'asc1'!$K:$K,"--")} -> sí | P8: Vp | Q8: Fn | R8: Vn | S8: Fp
A9: admitido | B9: n000001 | C9: n000001 | D9: n000001_008.jpg | E9: 80.1 | F9: {=_xlfn.XLOOKUP(D9,'asc2'!$F:$F,'asc2'!$H:$H,"--")} -> 78.36 | G9: {=_xlfn.XLOOKUP(D9,desc1!$F:$F,desc1!$H:$H,"--")} -> 89.62 | H9: {=_xlfn.XLOOKUP(D9,desc2!$F:$F,desc2!$H:$H,"--")} -> 103.16 | I9: {=_xlfn.XLOOKUP(D9,rand1!$F:$F,rand1!$H:$H,"--")} -> 93.51 | J9: {=_xlfn.XLOOKUP(D9,rand2!$F:$F,rand2!$H:$H,"--")} -> 99.78 | K9: =MIN(E9:J9) -> 78.36 | L9: {=_xlfn.XLOOKUP(D9,'asc1'!$F:$F,'asc1'!$K:$K,"--")} -> sí | O9: # Aciertos | P9: =COUNTIF(L2:L2141,"sí") -> 1870 | Q9: =COUNTIF(L2:L2141,"no") -> 270 | R9: =COUNTIF(L2142:L4281,"sí") -> 2128 | S9: =COUNTIF(L2142:L4281,"no") -> 12
A10: admitido | B10: n000001 | C10: n000001 | D10: n000001_009.jpg | E10: 80.8 | F10: {=_xlfn.XLOOKUP(D10,'asc2'!$F:$F,'asc2'!$H:$H,"--")} -> 75.11 | G10: {=_xlfn.XLOOKUP(D10,desc1!$F:$F,desc1!$H:$H,"--")} -> 90.49 | H10: {=_xlfn.XLOOKUP(D10,desc2!$F:$F,desc2!$H:$H,"--")} -> 93.88 | I10: {=_xlfn.XLOOKUP(D10,rand1!$F:$F,rand1!$H:$H,"--")} -> 99.5 | J10: {=_xlfn.XLOOKUP(D10,rand2!$F:$F,rand2!$H:$H,"--")} -> 91.35 | K10: =MIN(E10:J10) -> 75.11 | L10: {=_xlfn.XLOOKUP(D10,'asc1'!$F:$F,'asc1'!$K:$K,"--")} -> sí
A11: admitido | B11: n000001 | C11: n000001 | D11: n000001_010.jpg | E11: 74.96 | F11: {=_xlfn.XLOOKUP(D11,'asc2'!$F:$F,'asc2'!$H:$H,"--")} -> 84.82 | G11: {=_xlfn.XLOOKUP(D11,desc1!$F:$F,desc1!$H:$H,"--")} -> 88.12 | H11: {=_xlfn.XLOOKUP(D11,desc2!$F:$F,desc2!$H:$H,"--")} -> 101.76 | I11: {=_xlfn.XLOOKUP(D11,rand1!$F:$F,rand1!$H:$H,"--")} -> 95 | J11: {=_xlfn.XLOOKUP(D11,rand2!$F:$F,rand2!$H:$H,"--")} -> 92.09 | K11: =MIN(E11:J11) -> 74.96 | L11: {=_xlfn.XLOOKUP(D11,'asc1'!$F:$F,'asc1'!$K:$K,"--")} -> sí | O11: Sensibilidad | P11: =P9/(P9+Q9) -> 0.87383178 | R11: % de usuarios válidos que se aceptaron correctamente
A12: admitido | B12: n000001 | C12: n000001 | D12: n000001_011.jpg | E12: 90.17 | F12: {=_xlfn.XLOOKUP(D12,'asc2'!$F:$F,'asc2'!$H:$H,"--")} -> 77.56 | G12: {=_xlfn.XLOOKUP(D12,desc1!$F:$F,desc1!$H:$H,"--")} -> 85.96 | H12: {=_xlfn.XLOOKUP(D12,desc2!$F:$F,desc2!$H:$H,"--")} -> 98.78 | I12: {=_xlfn.XLOOKUP(D12,rand1!$F:$F,rand1!$H:$H,"--")} -> 87.04 | J12: {=_xlfn.XLOOKUP(D12,rand2!$F:$F,rand2!$H:$H,"--")} -> 90.11 | K12: =MIN(E12:J12) -> 77.56 | L12: {=_xlfn.XLOOKUP(D12,'asc1'!$F:$F,'asc1'!$K:$K,"--")} -> sí | O12: Especificidad | P12: =R9/(R9+S9) -> 0.99439252 | R12: % de impostores que se rechazaron correctamente
A13: admitido | B13: n000001 | C13: n000001 | D13: n000001_012.jpg | E13: 92.91 | F13: {=_xlfn.XLOOKUP(D13,'asc2'!$F:$F,'asc2'!$H:$H,"--")} -> 74.09 | G13: {=_xlfn.XLOOKUP(D13,desc1!$F:$F,desc1!$H:$H,"--")} -> 90.57 | H13: {=_xlfn.XLOOKUP(D13,desc2!$F:$F,desc2!$H:$H,"--")} -> 103.08 | I13: {=_xlfn.XLOOKUP(D13,rand1!$F:$F,rand1!$H:$H,"--")} -> 103.45 | J13: {=_xlfn.XLOOKUP(D13,rand2!$F:$F,rand2!$H:$H,"--")} -> 89.19 | K13: =MIN(E13:J13) -> 74.09 | L13: {=_xlfn.XLOOKUP(D13,'asc1'!$F:$F,'asc1'!$K:$K,"--")} -> sí | O13: Precisión | P13: =P9/(P9+S9) -> 0.9936238
A14: admitido | B14: n000001 | C14: n000001 | D14: n000001_013.jpg | E14: 91.63 | F14: {=_xlfn.XLOOKUP(D14,'asc2'!$F:$F,'asc2'!$H:$H,"--")} -> 75.82 | G14: {=_xlfn.XLOOKUP(D14,desc1!$F:$F,desc1!$H:$H,"--")} -> 90.35 | H14: {=_xlfn.XLOOKUP(D14,desc2!$F:$F,desc2!$H:$H,"--")} -> 103.89 | I14: {=_xlfn.XLOOKUP(D14,rand1!$F:$F,rand1!$H:$H,"--")} -> 101.9 | J14: {=_xlfn.XLOOKUP(D14,rand2!$F:$F,rand2!$H:$H,"--")} -> 95.41 | K14: =MIN(E14:J14) -> 75.82 | L14: {=_xlfn.XLOOKUP(D14,'asc1'!$F:$F,'asc1'!$K:$K,"--")} -> sí | O14: Exactitud | P14: =(P9+R9)/4280 -> 0.93411215 | R14: ACCURACY
A15: admitido | B15: n000001 | C15: n000001 | D15: n000001_014.jpg | E15: 79.59 | F15: {=_xlfn.XLOOKUP(D15,'asc2'!$F:$F,'asc2'!$H:$H,"--")} -> 76.19 | G15: {=_xlfn.XLOOKUP(D15,desc1!$F:$F,desc1!$H:$H,"--")} -> 90.01 | H15: {=_xlfn.XLOOKUP(D15,desc2!$F:$F,desc2!$H:$H,"--")} -> 104.98 | I15: {=_xlfn.XLOOKUP(D15,rand1!$F:$F,rand1!$H:$H,"--")} -> 100.12 | J15: {=_xlfn.XLOOKUP(D15,rand2!$F:$F,rand2!$H:$H,"--")} -> 87.5 | K15: =MIN(E15:J15) -> 76.19 | L15: {=_xlfn.XLOOKUP(D15,'asc1'!$F:$F,'asc1'!$K:$K,"--")} -> sí | O15: FAR | P15: =S9/(S9+R9) -> 0.0056074766 | R15: % de impostores erróneamente aceptados
A16: admitido | B16: n000001 | C16: n000001 | D16: n000001_015.jpg | E16: 76.35 | F16: {=_xlfn.XLOOKUP(D16,'asc2'!$F:$F,'asc2'!$H:$H,"--")} -> 77.68 | G16: {=_xlfn.XLOOKUP(D16,desc1!$F:$F,desc1!$H:$H,"--")} -> 88 | H16: {=_xlfn.XLOOKUP(D16,desc2!$F:$F,desc2!$H:$H,"--")} -> 108.34 | I16: {=_xlfn.XLOOKUP(D16,rand1!$F:$F,rand1!$H:$H,"--")} -> 102.07 | J16: {=_xlfn.XLOOKUP(D16,rand2!$F:$F,rand2!$H:$H,"--")} -> 85.78 | K16: =MIN(E16:J16) -> 76.35 | L16: {=_xlfn.XLOOKUP(D16,'asc1'!$F:$F,'asc1'!$K:$K,"--")} -> sí | O16: FRR | P16: =Q9/(Q9+P9) -> 0.12616822 | R16: % de usuarios erróneamente rechazados
A17: admitido | B17: n000001 | C17: Desconocido | D17: n000001_016.jpg | E17: 74.34 | F17: {=_xlfn.XLOOKUP(D17,'asc2'!$F:$F,'asc2'!$H:$H,"--")} -> 75.27 | G17: {=_xlfn.XLOOKUP(D17,desc1!$F:$F,desc1!$H:$H,"--")} -> 87.99 | H17: {=_xlfn.XLOOKUP(D17,desc2!$F:$F,desc2!$H:$H,"--")} -> 99.05 | I17: {=_xlfn.XLOOKUP(D17,rand1!$F:$F,rand1!$H:$H,"--")} -> 96 | J17: {=_xlfn.XLOOKUP(D17,rand2!$F:$F,rand2!$H:$H,"--")} -> 97.6 | K17: =MIN(E17:J17) -> 74.34 | L17: {=_xlfn.XLOOKUP(D17,'asc1'!$F:$F,'asc1'!$K:$K,"--")} -> no
A18: admitido | B18: n000001 | C18: Desconocido | D18: n000001_017.jpg | E18: 81.53 | F18: {=_xlfn.XLOOKUP(D18,'asc2'!$F:$F,'asc2'!$H:$H,"--")} -> 81.94 | G18: {=_xlfn.XLOOKUP(D18,desc1!$F:$F,desc1!$H:$H,"--")} -> 93.02 | H18: {=_xlfn.XLOOKUP(D18,desc2!$F:$F,desc2!$H:$H,"--")} -> 92.43 | I18: {=_xlfn.XLOOKUP(D18,rand1!$F:$F,rand1!$H:$H,"--")} -> 106.71 | J18: {=_xlfn.XLOOKUP(D18,rand2!$F:$F,rand2!$H:$H,"--")} -> 94.3 | K18: =MIN(E18:J18) -> 81.53 | L18: {=_xlfn.XLOOKUP(D18,'asc1'!$F:$F,'asc1'!$K:$K,"--")} -> no
A19: admitido | B19: n000001 | C19: n000001 | D19: n000001_018.jpg | E19: 82.27 | F19: {=_xlfn.XLOOKUP(D19,'asc2'!$F:$F,'asc2'!$H:$H,"--")} -> 78.46 | G19: {=_xlfn.XLOOKUP(D19,desc1!$F:$F,desc1!$H:$H,"--")} -> 107.75 | H19: {=_xlfn.XLOOKUP(D19,desc2!$F:$F,desc2!$H:$H,"--")} -> 92.45 | I19: {=_xlfn.XLOOKUP(D19,rand1!$F:$F,rand1!$H:$H,"--")} -> 92.65 | J19: {=_xlfn.XLOOKUP(D19,rand2!$F:$F,rand2!$H:$H,"--")} -> 92.01 | K19: =MIN(E19:J19) -> 78.46 | L19: {=_xlfn.XLOOKUP(D19,'asc1'!$F:$F,'asc1'!$K:$K,"--")} -> sí
A20: admitido | B20: n000001 | C20: Desconocido | D20: n000001_019.jpg | E20: 85.68 | F20: {=_xlfn.XLOOKUP(D20,'asc2'!$F:$F,'asc2'!$H:$H,"--")} -> 78.53 | G20: {=_xlfn.XLOOKUP(D20,desc1!$F:$F,desc1!$H:$H,"--")} -> 89.67 | H20: {=_xlfn.XLOOKUP(D20,desc2!$F:$F,desc2!$H:$H,"--")} -> 96.84 | I20: {=_xlfn.XLOOKUP(D20,rand1!$F:$F,rand1!$H:$H,"--")} -> 90 | J20: {=_xlfn.XLOOKUP(D20,rand2!$F:$F,rand2!$H:$H,"--")} -> 88.73 | K20: =MIN(E20:J20) -> 78.53 | L20: {=_xlfn.XLOOKUP(D20,'asc1'!$F:$F,'asc1'!$K:$K,"--")} -> no
A21: admitido | B21: n000001 | C21: n000001 | D21: n000001_020.jpg | E21: 83.86 | F21: {=_xlfn.XLOOKUP(D21,'asc2'!$F:$F,'asc2'!$H:$H,"--")} -> 79.17 | G21: {=_xlfn.XLOOKUP(D21,desc1!$F:$F,desc1!$H:$H,"--")} -> 89.34 | H21: {=_xlfn.XLOOKUP(D21,desc2!$F:$F,desc2!$H:$H,"--")} -> 95.04 | I21: {=_xlfn.XLOOKUP(D21,rand1!$F:$F,rand1!$H:$H,"--")} -> 92.69 | J21: {=_xlfn.XLOOKUP(D21,rand2!$F:$F,rand2!$H:$H,"--")} -> 94.24 | K21: =MIN(E21:J21) -> 79.17 | L21: {=_xlfn.XLOOKUP(D21,'asc1'!$F:$F,'asc1'!$K:$K,"--")} -> sí
A22: admitido | B22: n000015 | C22: Desconocido | D22: n000015_001.jpg | E22: 79.24 | F22: {=_xlfn.XLOOKUP(D22,'asc2'!$F:$F,'asc2'!$H:$H,"--")} -> 77.65 | G22: {=_xlfn.XLOOKUP(D22,desc1!$F:$F,desc1!$H:$H,"--")} -> 100.09 | H22: {=_xlfn.XLOOKUP(D22,desc2!$F:$F,desc2!$H:$H,"--")} -> 91.24 | I22: {=_xlfn.XLOOKUP(D22,rand1!$F:$F,rand1!$H:$H,"--")} -> 79.21 | J22: {=_xlfn.XLOOKUP(D22,rand2!$F:$F,rand2!$H:$H,"--")} -> 91.05 | K22: =MIN(E22:J22) -> 77.65 | L22: {=_xlfn.XLOOKUP(D22,'asc1'!$F:$F,'asc1'!$K:$K,"--")} -> no
A23: admitido | B23: n000015 | C23: n000015 | D23: n000015_002.jpg | E23: 77.85 | F23: {=_xlfn.XLOOKUP(D23,'asc2'!$F:$F,'asc2'!$H:$H,"--")} -> 80.75 | G23: {=_xlfn.XLOOKUP(D23,desc1!$F:$F,desc1!$H:$H,"--")} -> 97.35 | H23: {=_xlfn.XLOOKUP(D23,desc2!$F:$F,desc2!$H:$H,"--")} -> 83.2 | I23: {=_xlfn.XLOOKUP(D23,rand1!$F:$F,rand1!$H:$H,"--")} -> 78.49 | J23: {=_xlfn.XLOOKUP(D23,rand2!$F:$F,rand2!$H:$H,"--")} -> 86.37 | K23: =MIN(E23:J23) -> 77.85 | L23: {=_xlfn.XLOOKUP(D23,'asc1'!$F:$F,'asc1'!$K:$K,"--")} -> sí
A24: admitido | B24: n000015 | C24: n000015 | D24: n000015_003.jpg | E24: 79.65 | F24: {=_xlfn.XLOOKUP(D24,'asc2'!$F:$F,'asc2'!$H:$H,"--")} -> 81.68 | G24: {=_xlfn.XLOOKUP(D24,desc1!$F:$F,desc1!$H:$H,"--")} -> 89.31 | H24: {=_xlfn.XLOOKUP(D24,desc2!$F:$F,desc2!$H:$H,"--")} -> 93.69 | I24: {=_xlfn.XLOOKUP(D24,rand1!$F:$F,rand1!$H:$H,"--")} -> 79.36 | J24: {=_xlfn.XLOOKUP(D24,rand2!$F:$F,rand2!$H:$H,"--")} -> 90.72 | K24: =MIN(E24:J24) -> 79.36 | L24: {=_xlfn.XLOOKUP(D24,'asc1'!$F:$F,'asc1'!$K:$K,"--")} -> sí
A25: admitido | B25: n000015 | C25: Desconocido | D25: n000015_004.jpg | E25: 78.82 | F25: {=_xlfn.XLOOKUP(D25,'asc2'!$F:$F,'asc2'!$H:$H,"--")} -> 81.28 | G25: {=_xlfn.XLOOKUP(D25,desc1!$F:$F,desc1!$H:$H,"--")} -> 95.39 | H25: {=_xlfn.XLOOKUP(D25,desc2!$F:$F,desc2!$H:$H,"--")} -> 96.62 | I25: {=_xlfn.XLOOKUP(D25,rand1!$F:$F,rand1!$H:$H,"--")} -> 91.34 | J25: {=_xlfn.XLOOKUP(D25,rand2!$F:$F,rand2!$H:$H,"--")} -> 88.07 | K25: =MIN(E25:J25) -> 78.82 | L25: {=_xlfn.XLOOKUP(D25,'asc1'!$F:$F,'asc1'!$K:$K,"--")} -> no
A26: admitido | B26: n000015 | C26: n000015 | D26: n000015_005.jpg | E26: 77.82 | F26: {=_xlfn.XLOOKUP(D26,'asc2'!$F:$F,'asc2'!$H:$H,"--")} -> 81.45 | G26: {=_xlfn.XLOOKUP(D26,desc1!$F:$F,desc1!$H:$H,"--")} -> 88.37 | H26: {=_xlfn.XLOOKUP(D26,desc2!$F:$F,desc2!$H:$H,"--")} -> 107.8 | I26: {=_xlfn.XLOOKUP(D26,rand1!$F:$F,rand1!$H:$H,"--")} -> 80.65 | J26: {=_xlfn.XLOOKUP(D26,rand2!$F:$F,rand2!$H:$H,"--")} -> 88.97 | K26: =MIN(E26:J26) -> 77.82 | L26: {=_xlfn.XLOOKUP(D26,'asc1'!$F:$F,'asc1'!$K:$K,"--")} -> sí
A27: admitido | B27: n000015 | C27: n000015 | D27: n000015_006.jpg | E27: 80.45 | F27: {=_xlfn.XLOOKUP(D27,'asc2'!$F:$F,'asc2'!$H:$H,"--")} -> 82.17 | G27: {=_xlfn.XLOOKUP(D27,desc1!$F:$F,desc1!$H:$H,"--")} -> 86.14 | H27: {=_xlfn.XLOOKUP(D27,desc2!$F:$F,desc2!$H:$H,"--")} -> 104.27 | I27: {=_xlfn.XLOOKUP(D27,rand1!$F:$F,rand1!$H:$H,"--")} -> 81.21 | J27: {=_xlfn.XLOOKUP(D27,rand2!$F:$F,rand2!$H:$H,"--")} -> 89.92 | K27: =MIN(E27:J27) -> 80.45 | L27: {=_xlfn.XLOOKUP(D27,'asc1'!$F:$F,'asc1'!$K:$K,"--")} -> sí
A28: admitido | B28: n000015 | C28: n000015 | D28: n000015_007.jpg | E28: 77.97 | F28: {=_xlfn.XLOOKUP(D28,'asc2'!$F:$F,'asc2'!$H:$H,"--")} -> 80.31 | G28: {=_xlfn.XLOOKUP(D28,desc1!$F:$F,desc1!$H:$H,"--")} -> 103.92 | H28: {=_xlfn.XLOOKUP(D28,desc2!$F:$F,desc2!$H:$H,"--")} -> 87.86 | I28: {=_xlfn.XLOOKUP(D28,rand1!$F:$F,rand1!$H:$H,"--")} -> 79.89 | J28: {=_xlfn.XLOOKUP(D28,rand2!$F:$F,rand2!$H:$H,"--")} -> 88.28 | K28: =MIN(E28:J28) -> 77.97 | L28: {=_xlfn.XLOOKUP(D28,'asc1'!$F:$F,'asc1'!$K:$K,"--")} -> sí
... A4281: denegado | B4281: n001291 | C4281: Desconocido | D4281: n001291_020.jpg | E4281: 91.1 | F4281: {=_xlfn.XLOOKUP(D4281,'asc2'!$F:$F,'asc2'!$H:$H,"--")} -> 95.29 | G4281: {=_xlfn.XLOOKUP(D4281,desc1!$F:$F,desc1!$H:$H,"--")} -> 79.11 | H4281: {=_xlfn.XLOOKUP(D4281,desc2!$F:$F,desc2!$H:$H,"--")} -> 76.36 | I4281: {=_xlfn.XLOOKUP(D4281,rand1!$F:$F,rand1!$H:$H,"--")} -> 97.03 | J4281: {=_xlfn.XLOOKUP(D4281,rand2!$F:$F,rand2!$H:$H,"--")} -> 90.89 | K4281: =MIN(E4281:J4281) -> 76.36 | L4281: {=_xlfn.XLOOKUP(D4281,'asc1'!$F:$F,'asc1'!$K:$K,"--")} -> sí
